WKT;GID;ID_HOJA;TIPO;CONTEXTO;COTA
"MULTIPOINT ((446228.92 4108432.53))";"890947";"102632";TER;CGN;721.77
"MULTIPOINT ((446265.6 4108675.83))";"890948";"102632";TER;CGN;715.40
"MULTIPOINT ((445197.65 4107245.48))";"890949";"102632";TER;CGN;761.02
"MULTIPOINT ((445264.73 4107242.82))";"890950";"102632";TER;CGN;759.88
"MULTIPOINT ((446188.77 4106279.25))";"890951";"102632";TER;CGN;792.01
"MULTIPOINT ((446149.82 4106443.58))";"890952";"102632";TER;CGN;792.43
"MULTIPOINT ((446170.72 4106535.42))";"890953";"102632";TER;CGN;792.41
"MULTIPOINT ((446155.07 4106654.65))";"890954";"102632";TER;CGN;792.22
"MULTIPOINT ((446176.78 4106987.29))";"890955";"102632";TER;CGN;791.62
"MULTIPOINT ((446108.01 4107105.04))";"890956";"102632";TER;CGN;784.75
"MULTIPOINT ((446105.5 4107247.66))";"890957";"102632";TER;CGN;772.75
"MULTIPOINT ((446238.35 4107205.84))";"890958";"102632";TER;CGN;774.61
"MULTIPOINT ((446164.44 4107314.65))";"890959";"102632";TER;CGN;766.09
"MULTIPOINT ((445983.08 4107362.17))";"890960";"102632";TER;CGN;766.94
"MULTIPOINT ((446103.47 4107431.14))";"890961";"102632";TER;CGN;756.40
"MULTIPOINT ((446228.14 4107780.13))";"890962";"102632";TER;CGN;744.94
"MULTIPOINT ((446132.53 4107941.59))";"890963";"102632";TER;CGN;737.71
"MULTIPOINT ((446103.64 4108177.9))";"890964";"102632";TER;CGN;726.25
"MULTIPOINT ((445988.38 4108357.28))";"890965";"102632";TER;CGN;718.49
"MULTIPOINT ((446017.93 4108592.41))";"890966";"102632";TER;CGN;714.09
"MULTIPOINT ((446030.27 4108716.37))";"890967";"102632";TER;CGN;712.62
"MULTIPOINT ((446029.1 4108868.4))";"890968";"102632";TER;CGN;708.16
"MULTIPOINT ((445385.67 4108813.71))";"890969";"102632";TER;CGN;701.21
"MULTIPOINT ((445246.27 4108676.13))";"890970";"102632";TER;CGN;704.00
"MULTIPOINT ((445170.3 4108658.58))";"890971";"102632";TER;CGN;700.37
"MULTIPOINT ((445269.01 4108632.27))";"890972";"102632";TER;CGN;701.19
"MULTIPOINT ((445128.58 4108558.92))";"890973";"102632";TER;CGN;707.90
"MULTIPOINT ((444982.75 4108402.33))";"890974";"102632";TER;CGN;713.95
"MULTIPOINT ((444776.16 4108223.14))";"890975";"102632";TER;CGN;723.47
"MULTIPOINT ((444608.69 4108045.7))";"890976";"102632";TER;CGN;729.36
"MULTIPOINT ((444460.61 4107921.9))";"890977";"102632";TER;CGN;731.42
"MULTIPOINT ((444283.67 4107735.32))";"890978";"102632";TER;CGN;731.32
"MULTIPOINT ((444592.99 4107947.03))";"890979";"102632";TER;CGN;744.68
"MULTIPOINT ((444685.73 4107985.41))";"890980";"102632";TER;CGN;748.20
"MULTIPOINT ((444829.76 4108104.21))";"890981";"102632";TER;CGN;745.29
"MULTIPOINT ((444940.71 4108218.85))";"890982";"102632";TER;CGN;735.32
"MULTIPOINT ((445067.98 4108125.43))";"890983";"102632";TER;CGN;737.37
"MULTIPOINT ((445040.95 4107949.63))";"890984";"102632";TER;CGN;755.33
"MULTIPOINT ((444904.73 4107847.1))";"890985";"102632";TER;CGN;754.67
"MULTIPOINT ((444866.02 4107744.36))";"890986";"102632";TER;CGN;756.64
"MULTIPOINT ((444804.15 4107519.26))";"890987";"102632";TER;CGN;745.76
"MULTIPOINT ((444680.57 4107495.8))";"890988";"102632";TER;CGN;743.85
"MULTIPOINT ((444993.97 4107559.69))";"890989";"102632";TER;CGN;758.33
"MULTIPOINT ((445195.18 4107597.5))";"890990";"102632";TER;CGN;761.71
"MULTIPOINT ((445335.04 4107659.59))";"890991";"102632";TER;CGN;753.87
"MULTIPOINT ((445434.28 4107739.45))";"890992";"102632";TER;CGN;744.54
"MULTIPOINT ((445602.61 4107790.71))";"890993";"102632";TER;CGN;738.64
"MULTIPOINT ((445786.51 4107780.73))";"890994";"102632";TER;CGN;736.49
"MULTIPOINT ((445939.2 4107889.87))";"890995";"102632";TER;CGN;734.76
"MULTIPOINT ((446002.92 4107985.79))";"890996";"102632";TER;CGN;732.87
"MULTIPOINT ((445896.39 4108173.96))";"890997";"102632";TER;CGN;724.56
"MULTIPOINT ((445824.19 4108052.89))";"890998";"102632";TER;CGN;726.68
"MULTIPOINT ((445629.85 4108008.55))";"890999";"102632";TER;CGN;726.45
"MULTIPOINT ((445503.11 4108043.89))";"891000";"102632";TER;CGN;724.72
"MULTIPOINT ((445359.49 4108105.2))";"891001";"102632";TER;CGN;725.09
"MULTIPOINT ((445180.72 4108151.37))";"891002";"102632";TER;CGN;725.32
"MULTIPOINT ((445142.54 4108319.42))";"891003";"102632";TER;CGN;715.49
"MULTIPOINT ((445397.92 4108309.28))";"891004";"102632";TER;CGN;715.25
"MULTIPOINT ((445551.86 4108305.83))";"891005";"102632";TER;CGN;713.92
"MULTIPOINT ((445724.65 4108350.8))";"891006";"102632";TER;CGN;713.89
"MULTIPOINT ((445887.65 4108515.87))";"891007";"102632";TER;CGN;712.32
"MULTIPOINT ((445694.63 4108894.02))";"891008";"102632";TER;CGN;702.30
"MULTIPOINT ((445714.55 4108766.21))";"891009";"102632";TER;CGN;703.51
"MULTIPOINT ((445799.03 4108676.19))";"891010";"102632";TER;CGN;706.68
"MULTIPOINT ((445607.5 4108573.97))";"891011";"102632";TER;CGN;706.03
"MULTIPOINT ((445442.61 4108628.43))";"891012";"102632";TER;CGN;702.83
"MULTIPOINT ((445379.41 4108517.76))";"891013";"102632";TER;CGN;706.24
"MULTIPOINT ((446032.16 4107661.92))";"891014";"102632";TER;CGN;743.61
"MULTIPOINT ((445862.96 4107595.52))";"891015";"102632";TER;CGN;748.54
"MULTIPOINT ((445932.2 4107472.08))";"891016";"102632";TER;CGN;757.14
"MULTIPOINT ((445700.3 4107460.7))";"891017";"102632";TER;CGN;765.63
"MULTIPOINT ((445675.42 4107304.25))";"891018";"102632";TER;CGN;774.05
"MULTIPOINT ((445804.01 4107255.73))";"891019";"102632";TER;CGN;776.03
"MULTIPOINT ((445873.8 4106983.49))";"891020";"102632";TER;CGN;777.55
"MULTIPOINT ((446025.58 4106888.97))";"891021";"102632";TER;CGN;782.19
"MULTIPOINT ((446054.73 4106673.68))";"891022";"102632";TER;CGN;785.04
"MULTIPOINT ((446074.57 4106505.13))";"891023";"102632";TER;CGN;785.04
"MULTIPOINT ((446015.71 4106346.85))";"891024";"102632";TER;CGN;784.41
"MULTIPOINT ((445681.76 4106247.59))";"891025";"102632";TER;CGN;776.79
"MULTIPOINT ((445824.89 4106540.21))";"891026";"102632";TER;CGN;773.98
"MULTIPOINT ((445879.95 4106690.35))";"891027";"102632";TER;CGN;773.69
"MULTIPOINT ((445441.66 4106294.06))";"891028";"102632";TER;CGN;763.10
"MULTIPOINT ((445508.72 4106431.28))";"891029";"102632";TER;CGN;767.21
"MULTIPOINT ((445395.06 4106494.42))";"891030";"102632";TER;CGN;765.73
"MULTIPOINT ((445484.36 4106753.45))";"891031";"102632";TER;CGN;763.60
"MULTIPOINT ((445613.21 4106690.65))";"891032";"102632";TER;CGN;767.18
"MULTIPOINT ((445537.79 4106993.18))";"891033";"102632";TER;CGN;766.04
"MULTIPOINT ((445479.4 4107218.8))";"891034";"102632";TER;CGN;762.89
"MULTIPOINT ((445462.92 4107398.4))";"891035";"102632";TER;CGN;763.57
"MULTIPOINT ((445134.57 4107107.83))";"891036";"102632";TER;CGN;756.35
"MULTIPOINT ((445191.09 4106916.34))";"891037";"102632";TER;CGN;758.00
"MULTIPOINT ((444911.45 4106985.72))";"891038";"102632";TER;CGN;751.40
"MULTIPOINT ((444964.45 4106810.05))";"891039";"102632";TER;CGN;755.47
"MULTIPOINT ((445012.6 4106704.1))";"891040";"102632";TER;CGN;758.13
"MULTIPOINT ((445176.14 4106532.91))";"891041";"102632";TER;CGN;763.89
"MULTIPOINT ((445087.92 4106508.02))";"891042";"102632";TER;CGN;752.87
"MULTIPOINT ((445436.26 4106630.54))";"891043";"102632";TER;CGN;764.58
"MULTIPOINT ((445270.28 4106331.15))";"891044";"102632";TER;CGN;754.25
"MULTIPOINT ((445051.96 4106274.77))";"891045";"102632";TER;CGN;764.34
"MULTIPOINT ((444743.45 4106252.79))";"891046";"102632";TER;CGN;762.57
"MULTIPOINT ((444750.78 4106485.51))";"891047";"102632";TER;CGN;758.27
"MULTIPOINT ((444606.13 4106712.59))";"891048";"102632";TER;CGN;751.14
"MULTIPOINT ((444345.96 4106613.52))";"891049";"102632";TER;CGN;752.96
"MULTIPOINT ((444430.13 4106299.55))";"891050";"102632";TER;CGN;757.46
"MULTIPOINT ((444483.74 4106910.55))";"891051";"102632";TER;CGN;748.75
"MULTIPOINT ((444389.65 4107178.57))";"891052";"102632";TER;CGN;743.96
"MULTIPOINT ((444319.91 4107002.45))";"891053";"102632";TER;CGN;743.43
"MULTIPOINT ((444801.92 4106876.47))";"891054";"102632";TER;CGN;743.67
"MULTIPOINT ((444656.99 4107190.29))";"891055";"102632";TER;CGN;738.63
"MULTIPOINT ((444604.44 4107371.8))";"891056";"102632";TER;CGN;733.50
"MULTIPOINT ((444483.89 4107639.54))";"891057";"102632";TER;CGN;728.46
"MULTIPOINT ((444518.93 4107790.57))";"891058";"102632";TER;CGN;735.67
"MULTIPOINT ((444735.08 4107776.15))";"891059";"102632";TER;CGN;752.06
"MULTIPOINT ((445029.04 4107410.32))";"891060";"102632";TER;CGN;753.37
"MULTIPOINT ((444994.75 4107222.4))";"891061";"102632";TER;CGN;752.97
"MULTIPOINT ((445532.45 4107532.14))";"891062";"102632";TER;CGN;754.97
"MULTIPOINT ((444459.87 4108167.95))";"891063";"102632";TER;CGN;741.57
"MULTIPOINT ((444463.73 4108301.63))";"891064";"102632";TER;CGN;734.60
"MULTIPOINT ((444468.13 4108446.19))";"891065";"102632";TER;CGN;724.79
"MULTIPOINT ((444593.01 4108724.52))";"891066";"102632";TER;CGN;705.05
"MULTIPOINT ((444764.65 4108598.0))";"891067";"102632";TER;CGN;705.09
"MULTIPOINT ((445006.66 4108602.06))";"891068";"102632";TER;CGN;702.04
"MULTIPOINT ((444976.33 4108852.26))";"891069";"102632";TER;CGN;696.80
"MULTIPOINT ((444005.23 4108047.71))";"891070";"102632";TER;CGN;719.03
"MULTIPOINT ((444054.92 4107930.22))";"891071";"102632";TER;DEP;697.66
"MULTIPOINT ((443936.52 4108840.01))";"891072";"102632";TER;CGN;712.75
"MULTIPOINT ((443896.31 4108512.54))";"891073";"102632";TER;CGN;716.85
"MULTIPOINT ((443833.43 4108169.21))";"891074";"102632";TER;CGN;720.75
"MULTIPOINT ((443699.75 4107995.53))";"891075";"102632";TER;CGN;722.09
"MULTIPOINT ((443553.32 4107769.34))";"891076";"102632";TER;CGN;724.56
"MULTIPOINT ((443368.65 4107503.77))";"891077";"102632";TER;CGN;728.09
"MULTIPOINT ((443186.34 4107245.99))";"891078";"102632";TER;CGN;732.45
"MULTIPOINT ((443018.72 4107009.41))";"891079";"102632";TER;CGN;737.27
"MULTIPOINT ((442873.39 4106844.6))";"891080";"102632";TER;CGN;741.44
"MULTIPOINT ((442768.07 4106721.23))";"891081";"102632";TER;CGN;739.01
"MULTIPOINT ((442700.28 4106478.22))";"891082";"102632";TER;CGN;738.50
"MULTIPOINT ((442641.69 4106264.75))";"891083";"102632";TER;CGN;738.45
"MULTIPOINT ((442834.41 4106264.14))";"891084";"102632";TER;CGN;738.05
"MULTIPOINT ((442271.18 4106246.44))";"891085";"102632";TER;CGN;742.93
"MULTIPOINT ((442501.54 4106389.87))";"891086";"102632";TER;CGN;732.34
"MULTIPOINT ((442320.2 4106439.21))";"891087";"102632";TER;CGN;731.82
"MULTIPOINT ((442443.95 4106595.32))";"891088";"102632";TER;CGN;729.75
"MULTIPOINT ((442367.98 4106805.74))";"891089";"102632";TER;CGN;725.42
"MULTIPOINT ((442702.89 4106760.52))";"891090";"102632";TER;CGN;731.66
"MULTIPOINT ((442364.35 4107059.49))";"891091";"102632";TER;CGN;721.91
"MULTIPOINT ((442383.06 4107251.49))";"891092";"102632";TER;CGN;723.48
"MULTIPOINT ((442508.25 4107236.34))";"891093";"102632";TER;CGN;733.26
"MULTIPOINT ((442684.81 4107320.85))";"891094";"102632";TER;CGN;733.05
"MULTIPOINT ((442906.99 4107137.78))";"891095";"102632";TER;CGN;731.37
"MULTIPOINT ((442673.75 4107694.54))";"891096";"102632";TER;CGN;723.99
"MULTIPOINT ((442200.15 4107928.83))";"891097";"102632";TER;CGN;722.87
"MULTIPOINT ((442990.72 4107631.25))";"891098";"102632";TER;CGN;722.59
"MULTIPOINT ((444070.79 4107550.14))";"891099";"102632";TER;CGN;736.19
"MULTIPOINT ((443865.9 4107328.14))";"891100";"102632";TER;CGN;740.09
"MULTIPOINT ((443632.0 4107092.58))";"891101";"102632";TER;CGN;740.84
"MULTIPOINT ((443476.92 4106892.25))";"891102";"102632";TER;CGN;743.23
"MULTIPOINT ((443337.77 4106741.5))";"891103";"102632";TER;CGN;745.73
"MULTIPOINT ((443196.64 4106554.63))";"891104";"102632";TER;CGN;745.62
"MULTIPOINT ((443199.47 4106626.63))";"891105";"102632";TER;CGN;751.96
"MULTIPOINT ((443090.51 4106446.1))";"891106";"102632";TER;CGN;744.34
"MULTIPOINT ((442944.13 4106248.28))";"891107";"102632";TER;CGN;742.14
"MULTIPOINT ((444143.95 4107811.25))";"891108";"102632";TER;CGN;727.63
"MULTIPOINT ((444149.03 4108091.29))";"891109";"102632";TER;CGN;725.04
"MULTIPOINT ((443387.96 4108042.02))";"891110";"102632";TER;CGN;716.89
"MULTIPOINT ((442876.82 4107883.76))";"891111";"102632";TER;CGN;717.67
"MULTIPOINT ((442631.75 4107967.15))";"891112";"102632";TER;CGN;717.42
"MULTIPOINT ((443155.83 4108098.99))";"891113";"102632";TER;CGN;714.59
"MULTIPOINT ((442841.38 4108497.33))";"891114";"102632";TER;CGN;705.26
"MULTIPOINT ((443507.18 4108242.6))";"891115";"102632";TER;CGN;716.80
"MULTIPOINT ((443352.67 4108432.05))";"891116";"102632";TER;CGN;712.53
"MULTIPOINT ((443186.6 4108655.32))";"891117";"102632";TER;CGN;705.69
"MULTIPOINT ((443040.22 4108774.89))";"891118";"102632";TER;CGN;704.98
"MULTIPOINT ((443499.68 4108894.14))";"891119";"102632";TER;CGN;707.86
"MULTIPOINT ((443773.6 4108600.02))";"891120";"102632";TER;CGN;714.13
"MULTIPOINT ((443813.73 4107716.89))";"891121";"102632";TER;CGN;727.31
"MULTIPOINT ((444011.94 4107022.91))";"891122";"102632";TER;CGN;742.65
"MULTIPOINT ((444031.86 4106753.89))";"891123";"102632";TER;CGN;746.92
"MULTIPOINT ((444003.24 4106508.79))";"891124";"102632";TER;CGN;752.73
"MULTIPOINT ((444197.47 4106412.56))";"891125";"102632";TER;CGN;755.05
"MULTIPOINT ((443739.17 4106313.92))";"891126";"102632";TER;CGN;756.11
"MULTIPOINT ((443446.8 4106428.64))";"891127";"102632";TER;CGN;755.71
"MULTIPOINT ((443554.11 4106649.5))";"891128";"102632";TER;CGN;745.72
"MULTIPOINT ((443777.34 4106843.1))";"891129";"102632";TER;CGN;745.07
"MULTIPOINT ((443419.39 4107052.2))";"891130";"102632";TER;CGN;737.62
"MULTIPOINT ((443581.27 4107321.39))";"891131";"102632";TER;CGN;731.83
"MULTIPOINT ((442561.41 4108923.47))";"891132";"102632";TER;CGN;698.61
"MULTIPOINT ((442234.25 4108816.47))";"891133";"102632";TER;CGN;695.71
"MULTIPOINT ((442380.18 4108587.03))";"891134";"102632";TER;CGN;705.47
"MULTIPOINT ((442526.04 4108332.13))";"891135";"102632";TER;CGN;708.48
"MULTIPOINT ((442788.36 4108671.95))";"891136";"102632";TER;CGN;703.21
"MULTIPOINT ((442754.75 4108115.52))";"891137";"102632";TER;CGN;711.88
"MULTIPOINT ((442027.48 4108029.39))";"891138";"102632";TER;CGN;725.26
"MULTIPOINT ((442071.06 4107974.38))";"891139";"102632";TER;CGN;719.84
"MULTIPOINT ((441080.2 4107776.05))";"891140";"102632";TER;CGN;722.07
"MULTIPOINT ((441088.93 4107698.02))";"891141";"102632";TER;CGN;719.81
"MULTIPOINT ((440852.34 4107279.58))";"891142";"102632";TER;CGN;730.78
"MULTIPOINT ((440843.06 4107103.33))";"891143";"102632";TER;CGN;725.08
"MULTIPOINT ((441771.44 4108894.24))";"891144";"102632";TER;CGN;694.46
"MULTIPOINT ((442046.11 4108638.02))";"891145";"102632";TER;CGN;701.53
"MULTIPOINT ((441824.93 4108796.27))";"891146";"102632";TER;CGN;695.97
"MULTIPOINT ((441967.25 4108532.28))";"891147";"102632";TER;CGN;703.38
"MULTIPOINT ((442207.52 4108324.51))";"891148";"102632";TER;CGN;712.40
"MULTIPOINT ((442251.75 4108258.24))";"891149";"102632";TER;CGN;715.20
"MULTIPOINT ((442476.14 4108083.58))";"891150";"102632";TER;CGN;716.69
"MULTIPOINT ((442020.38 4108240.73))";"891151";"102632";TER;CGN;706.93
"MULTIPOINT ((441389.43 4108317.27))";"891152";"102632";TER;CGN;703.17
"MULTIPOINT ((441863.72 4108239.73))";"891153";"102632";TER;CGN;702.64
"MULTIPOINT ((441787.78 4107807.19))";"891154";"102632";TER;CGN;707.83
"MULTIPOINT ((441694.71 4108074.51))";"891155";"102632";TER;CGN;705.10
"MULTIPOINT ((441645.24 4108319.74))";"891156";"102632";TER;CGN;699.51
"MULTIPOINT ((441562.58 4108549.47))";"891157";"102632";TER;CGN;698.41
"MULTIPOINT ((441485.68 4108820.97))";"891158";"102632";TER;CGN;692.04
"MULTIPOINT ((440343.57 4108884.26))";"891159";"102632";TER;CGN;749.08
"MULTIPOINT ((440336.78 4108626.97))";"891160";"102632";TER;CGN;751.49
"MULTIPOINT ((440314.74 4108447.29))";"891161";"102632";TER;CGN;767.86
"MULTIPOINT ((440277.4 4108318.94))";"891162";"102632";TER;CGN;777.99
"MULTIPOINT ((440481.45 4108358.28))";"891163";"102632";TER;CGN;748.67
"MULTIPOINT ((440414.97 4108198.48))";"891164";"102632";TER;CGN;736.79
"MULTIPOINT ((440670.43 4108079.54))";"891165";"102632";TER;CGN;725.34
"MULTIPOINT ((440740.22 4107942.1))";"891166";"102632";TER;CGN;711.88
"MULTIPOINT ((440735.04 4108167.27))";"891167";"102632";TER;CGN;716.67
"MULTIPOINT ((440762.03 4108271.93))";"891168";"102632";TER;CGN;712.19
"MULTIPOINT ((440779.15 4108332.5))";"891169";"102632";TER;CGN;717.08
"MULTIPOINT ((440799.39 4108547.17))";"891170";"102632";TER;CGN;708.86
"MULTIPOINT ((440819.43 4108621.6))";"891171";"102632";TER;CGN;711.44
"MULTIPOINT ((440589.32 4108825.96))";"891172";"102632";TER;CGN;721.22
"MULTIPOINT ((440832.63 4108851.02))";"891173";"102632";TER;CGN;715.47
"MULTIPOINT ((441012.32 4108856.65))";"891174";"102632";TER;CGN;707.68
"MULTIPOINT ((441105.05 4108794.02))";"891175";"102632";TER;CGN;694.73
"MULTIPOINT ((440464.49 4107958.34))";"891176";"102632";TER;CGN;727.32
"MULTIPOINT ((440351.57 4108095.87))";"891177";"102632";TER;CGN;755.56
"MULTIPOINT ((440317.08 4107530.37))";"891178";"102632";TER;CGN;736.73
"MULTIPOINT ((440500.62 4107423.83))";"891179";"102632";TER;CGN;725.84
"MULTIPOINT ((440717.17 4107387.27))";"891180";"102632";TER;CGN;715.14
"MULTIPOINT ((441033.01 4107838.08))";"891181";"102632";TER;CGN;711.41
"MULTIPOINT ((441121.39 4108037.97))";"891182";"102632";TER;CGN;717.54
"MULTIPOINT ((440868.75 4107608.41))";"891183";"102632";TER;CGN;711.44
"MULTIPOINT ((440548.63 4107110.41))";"891184";"102632";TER;CGN;721.93
"MULTIPOINT ((440662.66 4106937.36))";"891185";"102632";TER;CGN;735.98
"MULTIPOINT ((440254.22 4106857.52))";"891186";"102632";TER;CGN;735.66
"MULTIPOINT ((440364.67 4106568.8))";"891187";"102632";TER;CGN;751.87
"MULTIPOINT ((440450.45 4106668.12))";"891188";"102632";TER;CGN;761.62
"MULTIPOINT ((440706.21 4106752.51))";"891189";"102632";TER;CGN;745.18
"MULTIPOINT ((440968.12 4106878.08))";"891190";"102632";TER;CGN;734.54
"MULTIPOINT ((441100.46 4106846.72))";"891191";"102632";TER;CGN;726.36
"MULTIPOINT ((440704.64 4106619.78))";"891192";"102632";TER;CGN;730.90
"MULTIPOINT ((440547.39 4106521.56))";"891193";"102632";TER;CGN;735.69
"MULTIPOINT ((440455.59 4106275.22))";"891194";"102632";TER;CGN;744.57
"MULTIPOINT ((440679.2 4106333.14))";"891195";"102632";TER;CGN;771.88
"MULTIPOINT ((440660.29 4106305.4))";"891196";"102632";TER;CGN;766.43
"MULTIPOINT ((440631.25 4106269.56))";"891197";"102632";TER;CGN;771.10
"MULTIPOINT ((440893.01 4106563.8))";"891198";"102632";TER;CGN;762.06
"MULTIPOINT ((440731.6 4106617.62))";"891199";"102632";TER;CGN;731.10
"MULTIPOINT ((440946.17 4106735.38))";"891200";"102632";TER;CGN;728.81
"MULTIPOINT ((441314.26 4106773.01))";"891201";"102632";TER;CGN;738.50
"MULTIPOINT ((441511.55 4106774.96))";"891202";"102632";TER;CGN;736.96
"MULTIPOINT ((441483.97 4106633.42))";"891203";"102632";TER;CGN;743.66
"MULTIPOINT ((441361.13 4106490.9))";"891204";"102632";TER;CGN;756.51
"MULTIPOINT ((441248.9 4106386.11))";"891205";"102632";TER;CGN;768.84
"MULTIPOINT ((441174.38 4106235.4))";"891206";"102632";TER;CGN;777.36
"MULTIPOINT ((441591.49 4106633.02))";"891207";"102632";TER;CGN;735.45
"MULTIPOINT ((441666.76 4106527.53))";"891208";"102632";TER;CGN;732.90
"MULTIPOINT ((441778.29 4106296.78))";"891209";"102632";TER;CGN;756.30
"MULTIPOINT ((442091.63 4106405.83))";"891210";"102632";TER;CGN;733.49
"MULTIPOINT ((441866.9 4106641.33))";"891211";"102632";TER;CGN;728.59
"MULTIPOINT ((442211.6 4106812.56))";"891212";"102632";TER;CGN;726.13
"MULTIPOINT ((442057.84 4106978.17))";"891213";"102632";TER;CGN;724.95
"MULTIPOINT ((441691.51 4106975.0))";"891214";"102632";TER;CGN;725.24
"MULTIPOINT ((441878.52 4107004.45))";"891215";"102632";TER;CGN;720.99
"MULTIPOINT ((442197.48 4106937.27))";"891216";"102632";TER;CGN;723.44
"MULTIPOINT ((441940.2 4107113.61))";"891217";"102632";TER;CGN;719.54
"MULTIPOINT ((441825.28 4107313.21))";"891218";"102632";TER;CGN;715.83
"MULTIPOINT ((441767.97 4107500.64))";"891219";"102632";TER;CGN;712.48
"MULTIPOINT ((441553.12 4107460.44))";"891220";"102632";TER;CGN;713.17
"MULTIPOINT ((441225.5 4107307.85))";"891221";"102632";TER;CGN;717.76
"MULTIPOINT ((441296.71 4107468.92))";"891222";"102632";TER;CGN;715.68
"MULTIPOINT ((441366.89 4107869.74))";"891223";"102632";TER;CGN;708.34
"MULTIPOINT ((442132.77 4107575.99))";"891224";"102632";TER;CGN;712.80
"MULTIPOINT ((442405.77 4107508.92))";"891225";"102632";TER;CGN;727.14
"MULTIPOINT ((442393.97 4107762.72))";"891226";"102632";TER;CGN;727.66
"MULTIPOINT ((441530.25 4107218.89))";"891227";"102632";TER;CGN;718.20
"MULTIPOINT ((441280.96 4107013.38))";"891228";"102632";TER;CGN;723.02
"MULTIPOINT ((441071.28 4108280.81))";"891229";"102632";TER;CGN;728.27
"MULTIPOINT ((441200.37 4108523.43))";"891230";"102632";TER;CGN;717.05
"MULTIPOINT ((440600.65 4107732.26))";"891231";"102632";TER;CGN;714.69
"MULTIPOINT ((440324.4 4107239.19))";"891232";"102632";TER;CGN;736.18
"MULTIPOINT ((440584.42 4108572.53))";"891233";"102632";TER;CGN;744.13
"MULTIPOINT ((440010.47 4106712.47))";"891234";"102632";TER;CGN;726.50
"MULTIPOINT ((439843.76 4106648.77))";"891235";"102632";TER;CGN;720.20
"MULTIPOINT ((439731.91 4106632.55))";"891236";"102632";TER;CGN;734.73
"MULTIPOINT ((439779.9 4106641.28))";"891237";"102632";TER;CGN;741.96
"MULTIPOINT ((439913.43 4106633.81))";"891238";"102632";TER;CGN;739.62
"MULTIPOINT ((439609.84 4106593.33))";"891239";"102632";TER;CGN;777.74
"MULTIPOINT ((439243.72 4106625.99))";"891240";"102632";TER;CGN;778.82
"MULTIPOINT ((439301.54 4106524.04))";"891241";"102632";TER;CGN;788.80
"MULTIPOINT ((439135.57 4106596.98))";"891242";"102632";TER;CGN;804.69
"MULTIPOINT ((438978.34 4106790.41))";"891243";"102632";TER;CGN;832.71
"MULTIPOINT ((439109.32 4108134.15))";"891244";"102632";TER;CGN;814.68
"MULTIPOINT ((439119.84 4108414.39))";"891245";"102632";TER;CGN;794.51
"MULTIPOINT ((439821.58 4108775.57))";"891246";"102632";TER;CGN;755.60
"MULTIPOINT ((440078.06 4108887.89))";"891247";"102632";TER;CGN;745.29
"MULTIPOINT ((440149.36 4108603.06))";"891248";"102632";TER;CGN;754.86
"MULTIPOINT ((439871.33 4108099.97))";"891249";"102632";TER;CGN;778.85
"MULTIPOINT ((440078.29 4108110.34))";"891250";"102632";TER;CGN;796.86
"MULTIPOINT ((440086.46 4107717.52))";"891251";"102632";TER;CGN;743.13
"MULTIPOINT ((439887.19 4107622.82))";"891252";"102632";TER;CGN;748.06
"MULTIPOINT ((439899.1 4107120.8))";"891253";"102632";TER;CGN;743.73
"MULTIPOINT ((440152.29 4107054.41))";"891254";"102632";TER;CGN;736.42
"MULTIPOINT ((440046.35 4107376.22))";"891255";"102632";TER;CGN;747.87
"MULTIPOINT ((439460.61 4107040.25))";"891256";"102632";TER;CGN;777.62
"MULTIPOINT ((439500.33 4106765.51))";"891257";"102632";TER;CGN;765.25
"MULTIPOINT ((439255.61 4106878.74))";"891258";"102632";TER;CGN;789.37
"MULTIPOINT ((439513.91 4107549.64))";"891259";"102632";TER;CGN;766.96
"MULTIPOINT ((439135.9 4107764.46))";"891260";"102632";TER;CGN;815.72
"MULTIPOINT ((439722.1 4107847.98))";"891261";"102632";TER;CGN;768.58
"MULTIPOINT ((440209.67 4107855.02))";"891262";"102632";TER;CGN;736.10
"MULTIPOINT ((439633.4 4108039.3))";"891263";"102632";TER;CIM;809.95
"MULTIPOINT ((439515.52 4107830.24))";"891264";"102632";TER;COL;785.55
"MULTIPOINT ((439725.87 4108472.34))";"891265";"102632";TER;CGN;774.46
"MULTIPOINT ((439427.32 4108504.97))";"891266";"102632";TER;CGN;778.36
"MULTIPOINT ((440176.42 4104490.89))";"891267";"102632";TER;CGN;802.31
"MULTIPOINT ((439049.66 4104565.17))";"891268";"102632";TER;CGN;785.31
"MULTIPOINT ((439363.63 4104604.22))";"891269";"102632";TER;CGN;765.28
"MULTIPOINT ((438954.83 4104930.33))";"891270";"102632";TER;CGN;758.46
"MULTIPOINT ((439972.3 4104507.87))";"891271";"102632";TER;CGN;795.03
"MULTIPOINT ((439743.42 4104613.88))";"891272";"102632";TER;CGN;789.25
"MULTIPOINT ((439547.84 4104853.52))";"891273";"102632";TER;CGN;798.44
"MULTIPOINT ((439140.56 4105021.39))";"891274";"102632";TER;CGN;790.77
"MULTIPOINT ((439258.29 4104990.32))";"891275";"102632";TER;CGN;789.49
"MULTIPOINT ((439260.94 4105246.13))";"891276";"102632";TER;CGN;765.73
"MULTIPOINT ((439623.29 4105200.32))";"891277";"102632";TER;CGN;773.87
"MULTIPOINT ((439886.23 4105211.18))";"891278";"102632";TER;CGN;785.82
"MULTIPOINT ((440084.4 4105383.53))";"891279";"102632";TER;CGN;772.42
"MULTIPOINT ((439831.42 4105413.19))";"891280";"102632";TER;CGN;772.99
"MULTIPOINT ((439877.26 4105717.16))";"891281";"102632";TER;CGN;766.12
"MULTIPOINT ((439857.5 4106060.67))";"891282";"102632";TER;CGN;754.68
"MULTIPOINT ((439792.28 4106155.52))";"891283";"102632";TER;CGN;781.89
"MULTIPOINT ((439734.93 4106229.27))";"891284";"102632";TER;CGN;777.93
"MULTIPOINT ((439637.44 4106310.33))";"891285";"102632";TER;CGN;781.86
"MULTIPOINT ((439598.68 4106374.56))";"891286";"102632";TER;CGN;769.49
"MULTIPOINT ((439405.68 4106331.25))";"891287";"102632";TER;CGN;795.83
"MULTIPOINT ((439152.93 4106258.13))";"891288";"102632";TER;CGN;832.89
"MULTIPOINT ((439105.71 4106473.67))";"891289";"102632";TER;CGN;822.77
"MULTIPOINT ((439151.79 4106063.86))";"891290";"102632";TER;CGN;818.83
"MULTIPOINT ((439022.18 4105803.71))";"891291";"102632";TER;CGN;781.94
"MULTIPOINT ((439360.76 4105766.58))";"891292";"102632";TER;CGN;773.23
"MULTIPOINT ((439273.33 4105691.25))";"891293";"102632";TER;CGN;778.72
"MULTIPOINT ((439397.44 4105613.83))";"891294";"102632";TER;CGN;793.66
"MULTIPOINT ((439608.2 4105459.19))";"891295";"102632";TER;CGN;787.30
"MULTIPOINT ((439143.6 4105488.15))";"891296";"102632";TER;CGN;776.94
"MULTIPOINT ((440016.42 4105057.11))";"891297";"102632";TER;CGN;799.41
"MULTIPOINT ((439934.65 4104762.25))";"891298";"102632";TER;CGN;798.62
"MULTIPOINT ((439800.5 4105077.58))";"891299";"102632";TER;CGN;785.12
"MULTIPOINT ((440685.76 4105868.34))";"891300";"102632";TER;CGN;783.14
"MULTIPOINT ((440501.85 4105925.94))";"891301";"102632";TER;CGN;765.34
"MULTIPOINT ((440128.85 4106194.35))";"891302";"102632";TER;CGN;745.38
"MULTIPOINT ((440393.96 4105939.06))";"891303";"102632";TER;CGN;775.63
"MULTIPOINT ((440195.26 4105828.27))";"891304";"102632";TER;CGN;797.33
"MULTIPOINT ((440492.52 4105534.04))";"891305";"102632";TER;CGN;820.17
"MULTIPOINT ((440755.49 4105369.13))";"891306";"102632";TER;CGN;793.96
"MULTIPOINT ((441002.98 4105342.04))";"891307";"102632";TER;CGN;791.50
"MULTIPOINT ((440876.34 4105583.54))";"891308";"102632";TER;CGN;789.92
"MULTIPOINT ((440712.6 4105733.1))";"891309";"102632";TER;CGN;776.74
"MULTIPOINT ((440847.6 4105753.38))";"891310";"102632";TER;CGN;774.80
"MULTIPOINT ((441167.02 4105893.1))";"891311";"102632";TER;CGN;793.03
"MULTIPOINT ((441379.48 4105890.79))";"891312";"102632";TER;CGN;773.91
"MULTIPOINT ((441342.38 4105796.49))";"891313";"102632";TER;CGN;765.79
"MULTIPOINT ((441534.05 4105815.72))";"891314";"102632";TER;CGN;763.43
"MULTIPOINT ((441357.69 4105534.65))";"891315";"102632";TER;CGN;774.63
"MULTIPOINT ((441198.04 4105637.49))";"891316";"102632";TER;CGN;782.75
"MULTIPOINT ((441211.66 4105559.6))";"891317";"102632";TER;CGN;779.47
"MULTIPOINT ((441465.2 4105553.69))";"891318";"102632";TER;CGN;783.67
"MULTIPOINT ((441484.51 4105484.81))";"891319";"102632";TER;CGN;776.83
"MULTIPOINT ((441476.91 4105283.07))";"891320";"102632";TER;CGN;798.01
"MULTIPOINT ((441389.71 4105237.88))";"891321";"102632";TER;CGN;787.52
"MULTIPOINT ((441257.04 4105227.3))";"891322";"102632";TER;CGN;798.98
"MULTIPOINT ((441084.65 4105144.85))";"891323";"102632";TER;CGN;803.60
"MULTIPOINT ((441098.27 4105127.28))";"891324";"102632";TER;CGN;795.65
"MULTIPOINT ((440950.07 4105024.45))";"891325";"102632";TER;CGN;800.28
"MULTIPOINT ((440712.17 4105006.96))";"891326";"102632";TER;CGN;794.30
"MULTIPOINT ((440478.16 4105035.7))";"891327";"102632";TER;CGN;784.03
"MULTIPOINT ((440271.97 4105099.64))";"891328";"102632";TER;CGN;778.75
"MULTIPOINT ((440480.11 4104732.03))";"891329";"102632";TER;CGN;793.84
"MULTIPOINT ((440788.67 4104916.71))";"891330";"102632";TER;CGN;795.23
"MULTIPOINT ((441341.92 4104749.21))";"891331";"102632";TER;CGN;809.20
"MULTIPOINT ((441515.55 4104707.24))";"891332";"102632";TER;CGN;799.14
"MULTIPOINT ((441347.75 4104551.16))";"891333";"102632";TER;CGN;783.01
"MULTIPOINT ((441190.97 4104609.41))";"891334";"102632";TER;CGN;794.90
"MULTIPOINT ((440961.05 4104567.9))";"891335";"102632";TER;CGN;819.67
"MULTIPOINT ((440955.43 4104361.71))";"891336";"102632";TER;CGN;822.05
"MULTIPOINT ((441864.29 4104549.86))";"891337";"102632";TER;CGN;796.28
"MULTIPOINT ((442062.75 4104767.53))";"891338";"102632";TER;CGN;784.51
"MULTIPOINT ((441907.42 4105020.61))";"891339";"102632";TER;CGN;773.65
"MULTIPOINT ((442061.74 4105208.98))";"891340";"102632";TER;CGN;767.62
"MULTIPOINT ((441789.33 4105124.17))";"891341";"102632";TER;CGN;772.71
"MULTIPOINT ((441629.17 4105082.05))";"891342";"102632";TER;CGN;788.52
"MULTIPOINT ((441424.35 4105017.14))";"891343";"102632";TER;CGN;801.64
"MULTIPOINT ((441363.2 4104985.85))";"891344";"102632";TER;CGN;799.32
"MULTIPOINT ((441111.78 4104865.33))";"891345";"102632";TER;CGN;817.46
"MULTIPOINT ((440846.68 4104718.11))";"891346";"102632";TER;CGN;807.31
"MULTIPOINT ((440744.01 4104438.21))";"891347";"102632";TER;CGN;822.91
"MULTIPOINT ((440836.94 4104380.76))";"891348";"102632";TER;CGN;818.32
"MULTIPOINT ((440542.63 4104399.38))";"891349";"102632";TER;CGN;816.62
"MULTIPOINT ((440611.51 4105263.23))";"891350";"102632";TER;CGN;804.64
"MULTIPOINT ((440305.52 4104901.98))";"891351";"102632";TER;CGN;782.07
"MULTIPOINT ((441808.32 4105321.54))";"891352";"102632";TER;CGN;773.94
"MULTIPOINT ((441812.96 4105612.34))";"891353";"102632";TER;CGN;776.91
"MULTIPOINT ((441848.75 4105811.28))";"891354";"102632";TER;CGN;765.91
"MULTIPOINT ((441985.81 4106009.64))";"891355";"102632";TER;CGN;754.24
"MULTIPOINT ((441824.02 4105993.85))";"891356";"102632";TER;CGN;760.45
"MULTIPOINT ((441863.97 4106089.5))";"891357";"102632";TER;CGN;758.51
"MULTIPOINT ((441816.1 4106236.95))";"891358";"102632";TER;CGN;746.68
"MULTIPOINT ((441740.9 4106024.9))";"891359";"102632";TER;CGN;747.81
"MULTIPOINT ((441665.84 4105906.64))";"891360";"102632";TER;CGN;753.59
"MULTIPOINT ((441549.72 4105991.14))";"891361";"102632";TER;CGN;774.43
"MULTIPOINT ((441522.65 4106203.61))";"891362";"102632";TER;CGN;754.04
"MULTIPOINT ((441424.19 4106118.9))";"891363";"102632";TER;CGN;744.43
"MULTIPOINT ((441191.0 4106027.69))";"891364";"102632";TER;CGN;786.79
"MULTIPOINT ((440985.62 4106037.46))";"891365";"102632";TER;CGN;769.90
"MULTIPOINT ((440985.85 4105917.72))";"891366";"102632";TER;CGN;787.69
"MULTIPOINT ((440034.21 4106189.22))";"891367";"102632";TER;CGN;769.86
"MULTIPOINT ((441175.43 4105366.02))";"891368";"102632";TER;CGN;793.37
"MULTIPOINT ((441170.15 4105319.5))";"891369";"102632";TER;CGN;788.11
"MULTIPOINT ((442770.51 4105616.07))";"891370";"102632";TER;CGN;780.86
"MULTIPOINT ((442912.3 4105479.36))";"891371";"102632";TER;CGN;773.34
"MULTIPOINT ((442921.6 4105405.81))";"891372";"102632";TER;CGN;781.62
"MULTIPOINT ((442974.31 4105384.08))";"891373";"102632";TER;CGN;778.92
"MULTIPOINT ((443013.75 4105310.53))";"891374";"102632";TER;CGN;782.63
"MULTIPOINT ((443619.67 4104413.45))";"891375";"102632";TER;CGN;819.07
"MULTIPOINT ((443677.15 4104552.36))";"891376";"102632";TER;CGN;815.53
"MULTIPOINT ((443601.91 4104682.54))";"891377";"102632";TER;CGN;812.65
"MULTIPOINT ((443411.05 4104692.69))";"891378";"102632";TER;CGN;807.35
"MULTIPOINT ((443375.41 4104795.02))";"891379";"102632";TER;CGN;805.68
"MULTIPOINT ((443293.05 4104895.87))";"891380";"102632";TER;CGN;804.58
"MULTIPOINT ((443013.09 4104735.25))";"891381";"102632";TER;CGN;798.66
"MULTIPOINT ((442820.88 4104692.08))";"891382";"102632";TER;CGN;786.07
"MULTIPOINT ((442657.23 4104634.97))";"891383";"102632";TER;CGN;775.61
"MULTIPOINT ((442535.85 4104558.22))";"891384";"102632";TER;CGN;767.40
"MULTIPOINT ((442439.83 4104452.1))";"891385";"102632";TER;CGN;767.40
"MULTIPOINT ((442345.15 4104420.15))";"891386";"102632";TER;CGN;768.19
"MULTIPOINT ((442542.13 4104374.51))";"891387";"102632";TER;CGN;773.90
"MULTIPOINT ((442377.46 4104637.04))";"891388";"102632";TER;CGN;767.68
"MULTIPOINT ((442363.56 4104823.89))";"891389";"102632";TER;CGN;764.97
"MULTIPOINT ((442379.66 4105072.0))";"891390";"102632";TER;CGN;764.18
"MULTIPOINT ((442387.84 4105284.59))";"891391";"102632";TER;CGN;761.57
"MULTIPOINT ((442405.77 4105418.24))";"891392";"102632";TER;CGN;753.71
"MULTIPOINT ((442497.16 4105579.23))";"891393";"102632";TER;CGN;754.43
"MULTIPOINT ((442633.84 4105876.46))";"891394";"102632";TER;CGN;748.08
"MULTIPOINT ((442815.94 4106095.98))";"891395";"102632";TER;CGN;742.35
"MULTIPOINT ((442922.56 4106003.35))";"891396";"102632";TER;CGN;747.07
"MULTIPOINT ((443107.09 4105865.36))";"891397";"102632";TER;CGN;758.24
"MULTIPOINT ((443342.91 4105991.8))";"891398";"102632";TER;CGN;763.63
"MULTIPOINT ((443515.05 4106145.83))";"891399";"102632";TER;CGN;768.50
"MULTIPOINT ((443234.26 4106231.16))";"891400";"102632";TER;CGN;763.89
"MULTIPOINT ((443931.67 4106239.11))";"891401";"102632";TER;CGN;758.82
"MULTIPOINT ((443911.05 4105892.12))";"891402";"102632";TER;CGN;765.50
"MULTIPOINT ((443496.95 4105887.76))";"891403";"102632";TER;CGN;778.52
"MULTIPOINT ((443738.94 4105652.88))";"891404";"102632";TER;CGN;771.61
"MULTIPOINT ((444036.63 4105486.67))";"891405";"102632";TER;CGN;776.83
"MULTIPOINT ((444038.14 4105286.5))";"891406";"102632";TER;CGN;781.53
"MULTIPOINT ((443809.4 4105240.38))";"891407";"102632";TER;CGN;784.80
"MULTIPOINT ((443623.13 4105441.5))";"891408";"102632";TER;CGN;788.21
"MULTIPOINT ((443442.09 4105415.74))";"891409";"102632";TER;CGN;783.65
"MULTIPOINT ((443194.65 4105341.96))";"891410";"102632";TER;CGN;801.92
"MULTIPOINT ((443298.78 4105099.43))";"891411";"102632";TER;CGN;807.71
"MULTIPOINT ((443671.18 4104878.08))";"891412";"102632";TER;CGN;806.01
"MULTIPOINT ((443796.57 4104691.59))";"891413";"102632";TER;CGN;814.14
"MULTIPOINT ((443948.17 4104493.27))";"891414";"102632";TER;CGN;810.26
"MULTIPOINT ((443595.16 4104535.16))";"891415";"102632";TER;CGN;812.96
"MULTIPOINT ((443358.41 4104597.73))";"891416";"102632";TER;CGN;809.18
"MULTIPOINT ((443165.57 4104773.45))";"891417";"102632";TER;CGN;814.42
"MULTIPOINT ((443385.17 4104442.7))";"891418";"102632";TER;CGN;816.00
"MULTIPOINT ((442701.04 4104383.2))";"891419";"102632";TER;CGN;772.80
"MULTIPOINT ((442723.73 4104518.85))";"891420";"102632";TER;CGN;776.05
"MULTIPOINT ((442886.36 4104594.76))";"891421";"102632";TER;CGN;784.57
"MULTIPOINT ((443053.42 4104420.67))";"891422";"102632";TER;CGN;784.59
"MULTIPOINT ((443092.29 4104573.7))";"891423";"102632";TER;CGN;798.62
"MULTIPOINT ((442550.47 4104716.79))";"891424";"102632";TER;CGN;779.22
"MULTIPOINT ((442733.48 4104718.19))";"891425";"102632";TER;CGN;782.13
"MULTIPOINT ((442786.46 4104815.75))";"891426";"102632";TER;CGN;785.43
"MULTIPOINT ((442673.5 4104910.83))";"891427";"102632";TER;CGN;773.14
"MULTIPOINT ((442584.67 4104910.52))";"891428";"102632";TER;CGN;766.40
"MULTIPOINT ((442565.83 4105052.92))";"891429";"102632";TER;CGN;758.88
"MULTIPOINT ((442532.7 4105233.0))";"891430";"102632";TER;CGN;753.03
"MULTIPOINT ((442906.96 4105127.02))";"891431";"102632";TER;CGN;787.63
"MULTIPOINT ((442988.57 4104889.42))";"891432";"102632";TER;CGN;794.97
"MULTIPOINT ((443469.12 4105700.26))";"891433";"102632";TER;CGN;777.96
"MULTIPOINT ((443846.74 4106037.62))";"891434";"102632";TER;CGN;763.34
"MULTIPOINT ((442639.22 4106118.09))";"891435";"102632";TER;CGN;739.84
"MULTIPOINT ((442387.17 4105990.68))";"891436";"102632";TER;CGN;742.92
"MULTIPOINT ((442429.09 4105736.03))";"891437";"102632";TER;CGN;743.52
"MULTIPOINT ((442403.8 4105664.42))";"891438";"102632";TER;CGN;747.39
"MULTIPOINT ((442414.91 4105491.46))";"891439";"102632";TER;CGN;749.34
"MULTIPOINT ((442274.0 4105442.82))";"891440";"102632";TER;CGN;763.44
"MULTIPOINT ((442200.7 4105735.3))";"891441";"102632";TER;CGN;745.97
"MULTIPOINT ((442169.03 4105892.84))";"891442";"102632";TER;CGN;744.90
"MULTIPOINT ((442263.17 4105175.77))";"891443";"102632";TER;CGN;786.16
"MULTIPOINT ((443921.45 4105043.06))";"891444";"102632";TER;CGN;792.41
"MULTIPOINT ((443613.56 4105189.85))";"891445";"102632";TER;CGN;788.39
"MULTIPOINT ((444069.58 4105031.99))";"891446";"102632";TER;CGN;792.86
"MULTIPOINT ((444265.72 4104959.97))";"891447";"102632";TER;CGN;793.15
"MULTIPOINT ((444471.29 4104937.52))";"891448";"102632";TER;CGN;795.14
"MULTIPOINT ((444718.68 4104768.9))";"891449";"102632";TER;CGN;803.18
"MULTIPOINT ((444911.22 4104665.13))";"891450";"102632";TER;CGN;805.76
"MULTIPOINT ((445194.87 4104599.22))";"891451";"102632";TER;CGN;815.20
"MULTIPOINT ((445368.83 4104465.89))";"891452";"102632";TER;CGN;824.73
"MULTIPOINT ((444315.92 4104363.68))";"891453";"102632";TER;CGN;824.36
"MULTIPOINT ((444210.16 4104555.42))";"891454";"102632";TER;CGN;815.24
"MULTIPOINT ((444145.34 4104735.42))";"891455";"102632";TER;CGN;805.98
"MULTIPOINT ((444383.18 4104732.36))";"891456";"102632";TER;CGN;805.64
"MULTIPOINT ((444483.7 4104497.23))";"891457";"102632";TER;CGN;824.59
"MULTIPOINT ((445678.98 4104658.14))";"891458";"102632";TER;CGN;823.74
"MULTIPOINT ((445461.98 4104950.13))";"891459";"102632";TER;CGN;822.82
"MULTIPOINT ((445260.08 4105085.33))";"891460";"102632";TER;CGN;814.48
"MULTIPOINT ((444981.09 4105166.47))";"891461";"102632";TER;CGN;806.01
"MULTIPOINT ((444690.0 4105264.32))";"891462";"102632";TER;CGN;792.86
"MULTIPOINT ((444845.5 4105067.46))";"891463";"102632";TER;CGN;797.02
"MULTIPOINT ((445305.32 4104905.49))";"891464";"102632";TER;CGN;813.43
"MULTIPOINT ((445123.37 4104761.57))";"891465";"102632";TER;CGN;806.09
"MULTIPOINT ((445457.56 4104789.49))";"891466";"102632";TER;CGN;817.23
"MULTIPOINT ((446000.32 4105302.64))";"891467";"102632";TER;CGN;814.21
"MULTIPOINT ((445814.34 4105568.42))";"891468";"102632";TER;CGN;803.49
"MULTIPOINT ((445895.97 4105734.35))";"891469";"102632";TER;CGN;805.34
"MULTIPOINT ((446066.59 4106039.08))";"891470";"102632";TER;CGN;793.54
"MULTIPOINT ((445914.23 4106122.64))";"891471";"102632";TER;CGN;787.13
"MULTIPOINT ((445539.29 4106050.12))";"891472";"102632";TER;CGN;775.28
"MULTIPOINT ((445613.83 4105699.02))";"891473";"102632";TER;CGN;785.11
"MULTIPOINT ((445679.19 4105538.16))";"891474";"102632";TER;CGN;788.96
"MULTIPOINT ((445570.9 4105377.8))";"891475";"102632";TER;CGN;772.83
"MULTIPOINT ((445364.22 4105733.7))";"891476";"102632";TER;CGN;765.02
"MULTIPOINT ((445303.17 4106005.21))";"891477";"102632";TER;CGN;759.43
"MULTIPOINT ((444783.28 4106082.7))";"891478";"102632";TER;CGN;765.07
"MULTIPOINT ((444514.67 4105991.41))";"891479";"102632";TER;CGN;761.42
"MULTIPOINT ((444335.62 4106140.81))";"891480";"102632";TER;CGN;759.33
"MULTIPOINT ((444295.71 4105869.71))";"891481";"102632";TER;CGN;766.60
"MULTIPOINT ((444394.13 4105708.16))";"891482";"102632";TER;CGN;775.11
"MULTIPOINT ((444737.59 4105834.78))";"891483";"102632";TER;CGN;767.00
"MULTIPOINT ((444850.26 4105628.1))";"891484";"102632";TER;CGN;773.83
"MULTIPOINT ((444681.45 4105645.12))";"891485";"102632";TER;CGN;778.32
"MULTIPOINT ((444499.61 4105681.92))";"891486";"102632";TER;CGN;777.52
"MULTIPOINT ((444678.61 4105461.07))";"891487";"102632";TER;CGN;788.17
"MULTIPOINT ((444385.68 4105455.21))";"891488";"102632";TER;CGN;788.03
"MULTIPOINT ((445135.05 4105849.26))";"891489";"102632";TER;CGN;773.27
"MULTIPOINT ((444988.6 4105963.9))";"891490";"102632";TER;CGN;769.04
"MULTIPOINT ((445192.48 4105488.22))";"891491";"102632";TER;CGN;785.87
"MULTIPOINT ((444920.98 4105434.73))";"891492";"102632";TER;CGN;787.13
"MULTIPOINT ((444931.65 4104824.67))";"891493";"102632";TER;CGN;801.58
"MULTIPOINT ((445078.97 4104401.87))";"891494";"102632";TER;CGN;825.96
"MULTIPOINT ((446271.17 4105851.81))";"891495";"102632";TER;CGN;809.03
"MULTIPOINT ((446229.31 4105720.86))";"891496";"102632";TER;CGN;813.94
"MULTIPOINT ((446204.98 4105555.87))";"891497";"102632";TER;CGN;823.12
"MULTIPOINT ((446234.66 4105424.09))";"891498";"102632";TER;CGN;823.50
"MULTIPOINT ((446190.6 4105313.31))";"891499";"102632";TER;CGN;826.50
"MULTIPOINT ((446061.63 4105196.85))";"891500";"102632";TER;CGN;816.19
"MULTIPOINT ((446019.86 4105060.35))";"891501";"102632";TER;CGN;814.55
"MULTIPOINT ((445973.52 4104914.09))";"891502";"102632";TER;CGN;803.31
"MULTIPOINT ((446012.71 4104755.46))";"891503";"102632";TER;CGN;794.24
"MULTIPOINT ((446096.52 4104536.84))";"891504";"102632";TER;CGN;792.90
"MULTIPOINT ((446204.19 4104421.07))";"891505";"102632";TER;CGN;796.27
"MULTIPOINT ((439861.29 4106892.74))";"891506";"102632";TER;CGN;753.19
"MULTIPOINT ((439803.79 4106882.39))";"891507";"102632";TER;CGN;746.63
"MULTIPOINT ((440083.53 4106796.36))";"891508";"102632";TER;CGN;748.43
"MULTIPOINT ((440022.62 4106809.42))";"891509";"102632";TER;CGN;739.02
"MULTIPOINT ((442941.9 4106619.63))";"891510";"102632";TER;CGN;754.49
"MULTIPOINT ((443065.85 4106633.25))";"891511";"102632";TER;CGN;746.80
"MULTIPOINT ((439406.05 4107343.88))";"891512";"102632";TER;CGN;817.42
"MULTIPOINT ((439284.34 4107307.75))";"891513";"102632";TER;CGN;801.36
"MULTIPOINT ((440919.31 4106508.57))";"891514";"102632";TER;CGN;755.83
"MULTIPOINT ((438918.46 4107185.36))";"891515";"102632";TER;CGN;872.14
"MULTIPOINT ((441186.03 4105078.3))";"891516";"102632";TER;CIM;834.27
"MULTIPOINT ((441032.54 4104675.69))";"891517";"102632";TER;COL;807.63
"MULTIPOINT ((440973.87 4106298.63))";"891518";"102632";TER;COL;779.78
"MULTIPOINT ((440983.63 4106365.75))";"891519";"102632";TER;CIM;781.86
"MULTIPOINT ((440967.26 4106246.41))";"891520";"102632";TER;CIM;781.11
"MULTIPOINT ((443242.12 4105232.82))";"891521";"102632";TER;CGN;796.71
"MULTIPOINT ((443190.32 4104970.16))";"891522";"102632";TER;CGN;815.12
"MULTIPOINT ((443215.77 4104856.37))";"891523";"102632";TER;CGN;807.53
"MULTIPOINT ((440353.02 4105611.43))";"891524";"102632";TER;CIM;830.70
"MULTIPOINT ((442477.66 4105416.11))";"891525";"102632";TER;CGN;747.55
"MULTIPOINT ((442394.15 4104418.46))";"891526";"102632";TER;CGN;774.70
"MULTIPOINT ((442407.98 4104422.83))";"891527";"102632";TER;CGN;774.27
"MULTIPOINT ((442388.04 4104498.0))";"891528";"102632";TER;CGN;771.50
"MULTIPOINT ((442401.99 4104501.95))";"891529";"102632";TER;CGN;771.75
